Yyy{
    "Liverpool": "Liverpool",
    "Bournemouth": "Bournemouth",
    "AFC Bournemouth": "Bournemouth",
    "Premier League": "Premier League",
    "Beşiktaş": "Besiktas",
    "Beşiktaş (Tur)": "Besiktas",
    "St Patrick's": "St. Patricks",
    "St. Patricks": "St. Patricks",
    "Ligue Europa": "Europa League",
    "Shakhtar (Ukr)": "Shakhtar Donetsk",
    "Shakhtar Donetsk": "Shakhtar Donetsk",
    "Panathinaikos (Gre)": "Panathinaikos",
    "Panathinaikos":"Panathinaikos",
    "Utrecht (Ned)": "Utrecht",
    "Utrecht":"Utrecht",
    "Servette (Sui)": "Servette",
    "Servette":"Servette",
    "Braga (Por)":"Braga",
    "Braga":"Braga",
    "Sporting Braga":"Braga",
    "CFR Cluj (Rou)":"CFR Cluj",
    "CFR Cluj":"CFR Cluj",
    "Din. Tirana (Alb)": "Dinamo Tirana",
    "Hajduk Split (Cro)": "Hajduk Split",
    "Newcastle United": "Newcastle",
    "Championship": "Championship",
    "Ipswich": "Ipswich",
    "Ipswich Town": "Ipswich",
    "Southampton": "Southampton",
    "Atlético Madrid": "Atl. Madrid",
    "Milan": "AC Milan",
    "Bari 1908": "Bari",
    "Serie A Bresil": "Brazil: Serie A Betano",
    "Brazil - Serie A": "Brazil: Serie A Betano",
    "Flamengo (Bra)": "Flamengo RJ",
    "Flamengo": "Flamengo RJ",
    "MLS": "USA: MLS",
    "USA - MLS": "USA: MLS",
    "Nashville": "Nashville SC",
    "Ligue Des Champions": "Champions League",
    "UEFA Champions League, Playoff Round": "Champions League",
    "Ferencváros": "Ferencvaros",
    "Qarabağ": "Qarabag",
    "Crvena Zvezda": "Crvena Zvezda",
    "Étoile Rouge Belgrade": "Crvena Zvezda",
    "Paphos": "Pafos",
    "Wolverhampton Wanderers": "Wolves",
    "Olympique Marseille": "Marseille",
    "Paris": "Paris FC",
    "Celta de Vigo": "Celta Vigo",
    "Bodø / Glimt": "Bodo/Glimt",
    "Bodo/Glimt (Nor)": "Bodo/Glimt",
    "Sturm Graz (Aut)": "Sturm Graz",
    "Sturm Graz": "Sturm Graz",
    "København": "FC Copenhague",
    "FC Copenhague (Den)": "FC Copenhague",
    "Copenhague": "FC Copenhague",
    "Bâle (Sui)": "Basel",
    "Bâle": "Basel",
    "Kairat": "Kairat Almaty",
    "Kairat Almaty (Kaz)": "Kairat Almaty",
    "FC Kairat Almaty": "Kairat Almaty",
    "Fenerbahçe": "Fenerbahce",
    "Fenerbahce (Tur)": "Fenerbahce",
    "Fenerbahce": "Fenerbahce",
    "Celtic (Sco)": "Celtic",
    "Celtic": "Celtic",
    "Benfica (Por)": "Benfica",
    "Benfica": "Benfica",
    "Benfica Lisbon": "Benfica",
    "Liga Betplay Dimayor": "Colombia: Primera A",
    "Colombia, Primera A, Clausura": "Colombia: Primera A",
    "Colombia - Primera A, Clausura": "Colombia: Primera A",
    "Colombia - Primera A": "Colombia: Primera A",
    "Independiente Santa Fe": "Santa Fe",
    "Envigado FC": "Envigado",
    "Millonarios FC": "Millonarios",
    "Union Magdalena": "U. Magdalena",
    "AL Qadisiyah FC": "Al Qadisiya",
    "AL Ahli Saudi": "Al Ahli SC",
    "Saudi Arabia - Super Cup": "Saudi Arabia: Super Cup",
    "Saudi Supercup": "Saudi Arabia: Super Cup",
    "International Clubs - Copa Sudamericana, Knockout stage": "Copa Sudamericana",
    "Fluminense (Bra)": "Fluminense RJ",
    "America De Cali (Col)": "America de Cali",
    "International Clubs - Leagues Cup": "Leagues Cup",
    "Tigres": "Tigres UANL",
    "Internacional (Bra)": "Internacional",
    "International Clubs - CONCACAF Central American Cup, Group A": "CONCACAF Central American Cup",
    "International Clubs - CONCACAF Central American Cup, Group B": "CONCACAF Central American Cup",
    "International Clubs - CONCACAF Central American Cup, Group C": "CONCACAF Central American Cup",
    "International Clubs - CONCACAF Central American Cup, Group D": "CONCACAF Central American Cup",
    "CA Independiente de La Chorrera": "Independiente",
    "Deportivo Saprissa": "Saprissa",
    "Brazil - Copa do Nordeste, Knockout stage": "BRAZIL: Copa do Nordeste",
    "Bahia BA": "Bahia",
    "Ceara SC CE": "Ceara",
    "International Clubs - Copa Libertadores": "Copa Libertadores",
    "International Clubs - ASEAN Club Championship, Group B": "ASEAN Club Championship",
    "International Clubs - ASEAN Club Championship, Group A": "ASEAN Club Championship",
    "Tottenham Hotspur": "Tottenham",
    "Manchester United": "Manchester Utd",
    "Köln": "Koln",
    "Borussia M'gladbach": "B. Monchengladbach",
    "England - Premier League": "Premier League",
    "England - Championship": "Championship",
    "Spain - La Liga": "LaLiga",
    "Levante UD": "Levante", 
    "Real Oviedo": "R. Oviedo",
    "Efl Cup": "ENGLAND: EFL Cup",
    "Brighton & Hove Albion": "Brighton",
    "Bosnie-Herzégovine": "Bosnia and Herzegovina",
    "Bosnia & Herzegovina": "Bosnia and Herzegovina",
    "Géorgie": "Georgia",
    "Malaisie": "Malaysia",
    "Singapour": "Singapore",
    "Pays de Galles": "Wales",
    "Israël": "Israel",
    "Slovénie": "Slovenia",
    "Italie": "Italy",
    "Chypre": "Cyprus",
    "Turquie": "Turkey",
    "Libye": "Libya",
    "Guinée-Bissau": "Guinea Bissau",
    "Albanie": "Albania",
    "Maurice": "Mauritius",
    "Cap-Vert": "Cape Verde",
    "Norvège": "Norway",
    "Finlande": "Finland",
    "São Tomé-et-Príncipe": "Sao Tome and Príncipe",
    "Guinée Équatoriale": "Equatoriale Guinea",
    "Lituanie": "Lithuania",
    "Malte": "Malta",
    "Emirats Arabes Unis": "UAE",
    "Syrie": "Syria",
    "Espagne": "Spain",
    "Grèce": "Greece",
    "Pologne": "Poland",
    "Belgique": "Belgium",
    "Luxembourg": "Luxembourg",
    "Irlande du Nord": "Northern Ireland",
    "Multiplex Coupe du Monde 2026": "Multiplex World Cup 2026",
    "Pays-Bas": "Netherlands",
    "Bulgarie": "Bulgaria",
    "Slovaquie": "Slovakia",
    "Allemagne": "Germany",
    "Tunisie": "Tunisia",
    "Libéria": "Liberia",
    "Comores": "Comoros",
    "Algérie": "Algeria",
    "Botswana": "Botswana",
    "Cameroun": "Cameroon",
    "Pérou": "Peru",
    "Colombie": "Colombia",
    "Bolivie": "Bolivia",
    "Equateur": "Ecuador",
    "Argentine": "Argentina",
    "Venezuela": "Venezuela",
    "Brésil": "Brazil",
    "Chili": "Chile",
    "International - World Cup Qualification, CONCACAF 3rd round, Group A": "World Cup Qualification",
    "International - World Cup Qualification, CONCACAF 3rd round, Group B": "World Cup Qualification",
    "International - World Cup Qualification, CONCACAF 3rd round, Group C": "World Cup Qualification",
    "Amical International": "Friendly International",
    "Qualif. Cm Afrique": "World Cup Qualification",
    "Qualif. Cm Europe": "World Cup Qualification",
    "Qualif. Cm Amsud": "World Cup Qualification",
    "Qualif. Cm Concacaf": "World Cup Qualification",
    "Somalie": "Somalia",
    "Guinée": "Guinea",
    "Soudan du Sud": "South Sudan",
    "RD Congo": "Congo DR",
    "Gambie": "Gambia",
    "Namibie": "Namibia",
    "Ouganda": "Uganda",
    "Afrique du Sud": "South Africa",
    "Monténégro": "Montenegro",
    "République Tchèque": "Czech Republic",
    "Suisse": "Switzerland",
    "Suède": "Sweden",
    "Iles Féroé": "Faroe Islands",
    "Croatie": "Croatia",
    "Moldavie": "Moldova",
    "Estonie": "Estonia",
    "Islande": "Iceland",
    "Azerbaïdjan": "Azerbaijan",
    "Biélorussie": "Belarus",
    "Danemark": "Denmark",
    "Écosse": "Scotland",
    "Mauritanie": "Mauritania",
    "Sénégal": "Senegal",
    "Soudan": "Sudan",
    "Maroc": "Morocco",
    "Cote d'Ivoire": "Ivory Coast",
    "Bermudes": "Bermuda",
    "Jamaique": "Jamaica",
    "Haïti": "Haiti",
    "Trinité-et-Tobago": "Trinidad and Tobago",
    "Curaçao": "Curacao",
    "World Cup - Qualification, Conmebol": "World Cup Qualification",
    "World Cup - Qualification CAF": "World Cup Qualification",
    "World Cup - Qualification. Uefa. Group B": "World Cup Qualification",
    "World Cup - Qualification. Uefa. Group A": "World Cup Qualification",
    "World Cup - Qualification. Uefa. Group C": "World Cup Qualification",
    "World Cup - Qualification. Uefa. Group D": "World Cup Qualification",
    "World Cup - Qualification. Uefa. Group E": "World Cup Qualification",
    "World Cup - Qualification. Uefa. Group F": "World Cup Qualification",
    "World Cup - Qualification. Uefa. Group G": "World Cup Qualification",
    "World Cup - Qualification. Uefa. Group H": "World Cup Qualification",
    "World Cup - Qualification. Uefa. Group I": "World Cup Qualification",
    "World Cup - Qualification. Uefa. Group J": "World Cup Qualification",
    "World Cup - Qualification. Uefa. Group K": "World Cup Qualification",
    "World Cup - Qualification. Uefa. Group L": "World Cup Qualification",
    "Lettonie": "Latvia",
    "Serbie": "Serbia",
    "Egypte": "Egypt",
    "International Youth - U23 AFC Championship, Qualification, Group Stage": "AFC Asian Cup U23 - Qualification",
    "AFC Asian Cup U23 - Qualification - Round 2": "AFC Asian Cup U23 - Qualification",
    "AFC Asian Cup U23 - Qualification - Round 1": "AFC Asian Cup U23 - Qualification",
    "Mexique": "Mexico",
    "Japon": "Japan",
    "Corée du Sud": "South Korea",
    "Irlande": "Ireland",
    "Hongrie": "Hungary",
    "EuroBasket - Playoffs": "EuroBasket",
    "Angleterre": "England",
    "Autriche": "Austria",
    "Roumanie": "Romania",
    "International - International Friendly Games": "Friendly International",
    "Indonesia - Liga 1": "Indonesia - Super League",
    "Indonesia Super League": "Indonesia - Super League",
    "Arema Indonesia": "Arema FC",
    "Nottingham Forest": "Nottingham",
    "Internazionale": "Inter",
    "Bayern München": "Bayern Munich",
    "Deportivo Alavés" : "Alaves",
    "Athletic Club": "Ath. Bilbao",
    "West Ham United": "West Ham",
    "Hambourg SV": "Hamburger SV",
    "Go Ahead Eagles": "G.A. Eagles",
    "Volendam": "FC Volendam",
    "NEC": "Nijmegen",
    "Porto": "FC Porto",
    "İstanbul Başakşehir": "Basaksehir",
    "Naples": "Napoli",
    "Breda" : "NAC Breda",
    "Gérone": "Girona",
    "Alkmaar": "AZ Alkmaar",
    "AZ": "AZ Alkmaar",
    "Fortuna Sittard": "Sittard",
    "Werder Brême": "Werder Bremen",
    "Vallecano": "Rayo Vallecano",
    "Hellas Vérone": "Verona",
    "Barcelone": "Barcelona",
    "Valence": "Valencia",
    "Bologne": "Bologna",
    "Mayence": "Mainz",
    "Mainz 05": "Mainz",
    "Leeds United": "Leeds",
    "Borussia Dortmund": "Dortmund",
    "Parme": "Parma",
    "Netherlands - Eredivisie": "Eredivisie",
    "Italy - Serie A": "Serie A"
    
}
